,Type,ICC,F,df1,df2,pval,CI95
0,"ICC(1,1)",0.9060541267842989,78.15541690300624,3,28,1.0169241480412958e-13,[0.72 0.99]
1,"ICC(A,1)",0.9069509684910539,436.0379746835443,3,21,4.579613169218569e-19,[0.66 0.99]
2,"ICC(C,1)",0.9819428571428571,436.0379746835443,3,21,4.579613169218569e-19,[0.93 1.  ]
3,"ICC(1,k)",0.9872049815658839,78.15541690300624,3,28,1.0169241480412958e-13,[0.95 1.  ]
4,"ICC(A,k)",0.9873379538190827,436.0379746835443,3,21,4.579613169218569e-19,[0.94 1.  ]
5,"ICC(C,k)",0.997706621766772,436.0379746835443,3,21,4.579613169218569e-19,[0.99 1.  ]
